,column,mean,median,min_value,max_value,std_deviation,5th_percentile,95th_percentile,null_values
0,Hours_Studied,19.975329196306948,20.0,1,44,5.990594336578764,10.0,30.0,0
1,Attendance,79.97744816104132,80.0,60,100,11.547474961482802,62.0,98.0,0
2,Sleep_Hours,7.029060087785682,7.0,4,10,1.4681202267434736,5.0,9.0,0
3,Previous_Scores,75.07053125472983,75.0,50,100,14.399784350758976,53.0,97.0,0
4,Tutoring_Sessions,1.4937187831088239,1.0,0,8,1.2305704213240398,0.0,4.0,0
5,Physical_Activity,2.9676101104888755,3.0,0,6,1.031231092627124,1.0,5.0,0
6,Exam_Score,67.23565914938702,67.0,55,101,3.890455781261724,62.0,73.0,0
